current,voltage,frequency,phase
0,0,0,0
0.0012,0.012,65,45
0.0012001,0.0120001,100,90
0.0066,0.066,500,180
0.012,0.12,750,270
0.0120001,0.120001,1000,
0.066,0.66,3000,
0.12,1.2,5000,
0.12001,1.200001,7500,
0.66,6.6,10000,
1.2,12,20000,
1.2001,12.0001,30000,
2.15,66,,
3.1,120,,
3.2,120.001,,
7.75,250,,
12,500,,
12.0001,1020,,
21.1,,,
29,,,
